city,total_people
Abbott,753
Abernathy,"2,042"
Abilene,"69,773"
Ace,112
Ackerly,368
Addison,"9,038"
Adkins,"5,758"
Adrian,152
Afton,80
Agua Dulce,609
Aguilares,19
Aiken,1
Alamo,"13,613"
Alamo Heights,83
Alanreed,36
Alba,"3,392"
Albany,"1,677"
Aledo,"12,972"
Alice,"18,075"
Allen,"60,741"
Alleyton,696
Allison,141
Alpine,"5,682"
Altair,180
Alto,"2,314"
Alton,"6,398"
Alvarado,"11,041"
Alvin,"27,696"
Alvord,"2,416"
Amarillo,"124,057"
Amherst,454
Anahuac,"3,360"
Anderson,"2,105"
Andrews,"9,545"
Angleton,"17,381"
Anna,"9,602"
Annona,495
Anson,"2,240"
Anthony,"1,987"
Anton,943
Apple Springs,807
Aquilla,813
Aransas Pass,"7,204"
Archer City,"1,300"
Arcola,311
Argyle,"14,014"
Arlington,"204,822"
Armstrong,64
Arp,"2,518"
Art,78
Artesia Wells,38
Arthur City,708
Asherton,"1,078"
Aspermont,850
Atascosa,"4,015"
Athens,"14,631"
Atlanta,"6,869"
Aubrey,"9,645"
Aurora,947
Austin,"691,227"
Austwell,167
Avalon,153
Avery,"1,168"
Avinger,"1,825"
Avoca,129
Axtell,"1,609"
Azle,"19,478"
Bacliff,"4,463"
Bagwell,465
Bailey,113
Baileys Prairie,4
Baird,"1,992"
Bakersfield,18
Balch Springs,"10,475"
Balcones Heights,1
Ballinger,"3,191"
Balmorhea,442
Bandera,"6,947"
Bangs,"1,887"
Banquete,552
Bardwell,236
Barksdale,189
Barnhart,97
Barry,871
Barstow,246
Bartlett,"1,374"
Bartonville,"1,183"
Bastrop,"17,329"
Batesville,750
Batson,827
Bay City,"13,013"
Bayou Vista,"1,520"
Bayside,280
Baytown,"51,763"
Bayview,289
Beach City,"2,447"
Beasley,"1,098"
Beaumont,"79,390"
Bebe,33
Beckville,"1,724"
Bedford,"31,457"
Bedias,"2,194"
Bee Cave,"1,262"
Bee Caves,35
Beeville,"12,242"
Bellaire,"12,699"
Bellevue,631
Bellmead,"4,690"
Bells,"2,211"
Bellville,"6,642"
Belton,"22,826"
Ben Arnold,19
Ben Bolt,351
Ben Franklin,154
Ben Wheeler,"4,050"
Benavides,"1,312"
Benbrook,"15,446"
Bend,27
Benjamin,163
Berclair,213
Bergheim,436
Bertram,"3,675"
Beverly Hills,904
Bevil Oaks,721
Big Bend National Park,123
Big Lake,"1,776"
Big Sandy,"3,590"
Big Spring,"15,358"
Big Wells,498
Bigfoot,521
Bishop,"2,772"
Bivins,"1,099"
Blackwell,509
Blanco,"4,159"
Blanket,959
Bledsoe,44
Bleiblerville,183
Blessing,843
Bloomburg,788
Blooming Grove,"1,155"
Bloomington,"1,761"
Blossom,"1,898"
Blue Mound,"1,185"
Blue Ridge,"2,371"
Bluegrove,3
Bluetown,5
Bluff Dale,"1,235"
Bluffton,163
Blum,"1,054"
Boerne,"32,600"
Bogata,"1,679"
Boling,"1,338"
Bon Wier,866
Bonham,"7,163"
Bonney,6
Booker,835
Borger,"8,043"
Bovina,849
Bowie,"6,538"
Boyd,"4,311"
Boys Ranch,209
Brackettville,"2,108"
Brady,"4,191"
Brandon,70
Brashear,805
Brazoria,"8,282"
Breckenridge,"4,832"
Bremond,"1,500"
Brenham,"17,994"
Briarcliff,"1,439"
Bridge City,"5,764"
Bridgeport,"4,991"
Briggs,330
Briscoe,174
Broaddus,"1,220"
Brock,418
Bronson,"1,403"
Bronte,906
Brookeland,"1,794"
Brookesmith,305
Brooks Afb,3
Brookshire,"5,977"
Brookside Village,915
Brookside Vl,4
Brookston,658
Brownfield,"5,649"
Brownsboro,"2,620"
Brownsville,"93,197"
Brownwood,"14,214"
Bruceville,"1,108"
Brundage,2
Bruni,325
Bryan,"48,275"
Bryson,502
Buchanan Dam,"1,531"
Buckholts,753
Buda,"21,763"
Buffalo,"2,989"
Buffalo Gap,779
Bullard,"8,199"
Bulverde,"9,100"
Buna,"5,276"
Burkburnett,"7,868"
Burke,443
Burkett,121
Burkeville,"1,045"
Burleson,"44,801"
Burlington,338
Burnet,"9,451"
Burton,"1,955"
Bushland,"1,184"
Byers,456
Bynum,351
Cactus,618
Caddo,162
Caddo Mills,"4,452"
Caldwell,"7,770"
Call,987
Calliham,116
Callisburg,229
Calvert,"1,120"
Camden,77
Cameron,"4,565"
Camp Verde,56
Camp Wood,852
Campbell,"1,989"
Campbellton,160
Canadian,"2,183"
Canton,"9,291"
Canutillo,"5,763"
Canyon,"13,437"
Canyon Lake,"14,438"
Carbon,449
Carlsbad,772
Carlton,185
Carmine,633
Carrizo Spgs,74
Carrizo Springs,"4,975"
Carrollton,"73,041"
Carthage,"9,606"
Cason,22
Castell,58
Castroville,"5,444"
Cat Spring,"1,162"
Catarina,84
Cayuga,76
Cedar Creek,"7,301"
Cedar Hill,"30,401"
Cedar Lane,24
Cedar Park,"52,044"
Cee Vee,33
Celeste,"1,868"
Celina,"9,647"
Center,"7,587"
Center Point,"1,907"
Centerville,"2,340"
Centralia,8
Chandler,"6,521"
Channelview,"12,645"
Channing,297
Chapman Ranch,49
Chappell Hill,"1,594"
Charlotte,"1,247"
Chatfield,195
Cherokee,428
Chester,645
Chico,"2,212"
Chicota,37
Childress,"3,482"
Chillicothe,549
Chilton,802
China,"1,380"
China Spring,"3,717"
Chireno,714
Christine,257
Christoval,"1,314"
Cibolo,"19,654"
Cisco,"3,607"
City By The Sea,53
Clarendon,"1,597"
Clarksville,"3,217"
Claude,"1,292"
Clayton,9
Clear Lake Shores,974
Clear Lk Shrs,4
Cleburne,"24,186"
Clemville,4
Cleveland,"21,627"
Clifton,"4,677"
Clint,"3,713"
Clute,"5,737"
Clyde,"5,264"
Coahoma,807
Coldspring,"5,160"
Coleman,"3,694"
College Station,"62,677"
Collegeport,74
Colleyville,"20,103"
Collinsville,"2,229"
Colmesneil,"1,969"
Colorado City,"3,423"
Columbus,"4,415"
Comanche,"4,788"
Combes,410
Combine,"1,730"
Comfort,"3,677"
Commerce,"5,172"
Como,"1,147"
Comstock,161
Concan,373
Concepcion,464
Conroe,"85,421"
Converse,"26,526"
Cookville,964
Coolidge,630
Cooper,"2,410"
Coppell,"27,263"
Copper Canyon,876
Copperas Cove,"22,566"
Corinth,"14,530"
Corpus Christi,"175,473"
Corrigan,"2,331"
Corsicana,"17,804"
Cost,295
Cotton Center,55
Cottonwood Shores,687
Cotulla,"3,316"
Coupland,850
Cove,"2,544"
Covington,"1,124"
Coyanosa,108
Crandall,"3,172"
Crane,"2,474"
Cranfills Gap,393
Crawford,"2,227"
Creedmoor,293
Cresson,"1,298"
Crockett,"6,934"
Crosby,"18,220"
Crosbyton,"1,306"
Cross Plains,"1,236"
Crossroads,"2,874"
Crowell,853
Crowley,"16,471"
Crystal Beach,"1,230"
Crystal City,"5,853"
Cuero,"6,166"
Cumby,"1,900"
Cuney,88
Cunningham,53
Cushing,"1,657"
Cut And Shoot,1
Cypress,"108,424"
Cypress Mill,120
D Hanis,815
Da Costa,1
Daingerfield,"3,571"
Daisetta,635
Dale,"3,771"
Dalhart,"4,766"
Dallardsville,22
Dallas,"633,739"
Dalworthington Gardens,1
Damon,"1,645"
Danbury,"2,083"
Danciger,9
Danevang,14
Darrouzett,273
Davilla,61
Dawn,40
Dawson,"1,013"
Dayton,"16,011"
De Berry,"2,031"
De Kalb,"4,027"
De Leon,"2,565"
Decatur,"11,538"
Decordova,1
Deer Park,"20,704"
Del Rio,"25,736"
Del Valle,"8,973"
Dell City,269
Delmita,226
Denison,"19,252"
Denton,"78,014"
Denver City,"3,275"
Deport,660
Derby,17
Desdemona,275
Desoto,"35,349"
Detroit,"1,302"
Devers,587
Devine,"6,292"
Deweyville,151
Diana,"3,498"
Diboll,"4,054"
Dickens,260
Dickinson,"15,385"
Dies,8
Dike,835
Dilley,"2,107"
Dime Box,722
Dimmitt,"2,269"
Dinero,6
Dodd City,688
Dodson,78
Donie,406
Donna,"18,289"
Doole,24
Dorchester,98
Doss,237
Double Oak,"2,337"
Doucette,164
Dougherty,37
Douglass,938
Douglassville,667
Driftwood,"3,847"
Dripping Spgs,5
Dripping Springs,"13,245"
Driscoll,520
Dryden,38
Dublin,"4,468"
Dumas,"7,697"
Dumont,10
Duncanville,"22,757"
Dunlay,5
Dunn,6
Dyess Afb,818
Eagle Lake,"2,709"
Eagle Pass,"30,221"
Early,"3,458"
Earth,673
East Bernard,"3,526"
East Tawakoni,552
Eastland,"3,453"
Easton,20
Ecleto,5
Ector,524
Edcouch,"4,157"
Eddy,"1,766"
Eden,853
Edgewood,"2,574"
Edinburg,"62,932"
Edmonson,55
Edna,"5,032"
Edom,1
Edroy,178
Egypt,29
El Campo,"9,576"
El Cenizo,"1,456"
El Indio,144
El Lago,"2,153"
El Paso,"395,880"
El Sauz,1
Elbert,66
Eldorado,"1,574"
Electra,"2,048"
Elgin,"12,543"
Eliasville,138
Elkhart,"3,465"
Ellinger,213
Elm Mott,"1,732"
Elmaton,24
Elmendorf,"4,233"
Elsa,"5,191"
Elysian Fields,17
Emory,"4,299"
Enchanted Oaks,163
Encinal,629
Encino,264
Energy,25
Enloe,48
Ennis,"14,436"
Enochs,32
Eola,164
Era,346
Escobares,85
Estelline,95
Etoile,887
Euless,"35,102"
Eustace,"3,183"
Evadale,663
Evant,657
Everman,"1,629"
Fabens,"4,164"
Fair Oaks Ranch,"8,318"
Fairfield,"4,539"
Fairview,"6,533"
Falcon,86
Falcon Heights,243
Falfurrias,"5,315"
Falls City,"1,411"
Fannin,91
Farmers Branch,"16,423"
Farmersville,"5,964"
Farnsworth,75
Farwell,"1,131"
Fate,"8,013"
Fayetteville,"1,639"
Fentress,206
Ferris,"3,624"
Fieldton,12
Fischer,"1,123"
Flatonia,"1,990"
Flint,"9,208"
Flomot,74
Florence,"2,576"
Floresville,"14,620"
Flower Mound,"49,553"
Flowermound,10
Floydada,"2,317"
Fluvanna,133
Follett,434
Forest Hill,"6,348"
Forestburg,788
Forney,"25,609"
Forreston,268
Forsan,159
Fort Bliss,"3,090"
Fort Davis,"1,468"
Fort Hancock,642
Fort Hood,"5,954"
Fort Mc Kavett,24
Fort McKavett,59
Fort Sam Houston,"1,047"
Fort Stockton,"6,648"
Fort Worth,"453,435"
Fowlerton,102
Francitas,113
Franklin,"3,434"
Frankston,"3,950"
Fred,709
Fredericksbrg,1
Fredericksburg,"16,237"
Fredonia,136
Freeport,"7,151"
Freer,"2,271"
Fresno,"12,980"
Friendswood,"36,583"
Friona,"2,202"
Frisco,"105,087"
Fritch,"3,513"
Fronton,3
Frost,"1,050"
Fruitvale,"1,055"
Ft Worth,65
Fulshear,"10,690"
Fulton,"1,203"
Gail,317
Gainesville,"14,027"
Galena Park,"4,059"
Gallatin,104
Galveston,"33,054"
Ganado,"1,969"
Garciasville,165
Garden City,599
Garden Ridge,"3,492"
Gardendale,"1,756"
Garland,"116,427"
Garrison,"2,202"
Garwood,650
Gary,"1,397"
Gatesville,"10,356"
Gause,641
George West,"3,048"
Georgetown,"66,194"
Giddings,"4,961"
Gilchrist,105
Gillett,227
Gilmer,"14,870"
Girard,93
Girvin,17
Gladewater,"8,288"
Glazier,6
Glen Flora,84
Glen Rose,"4,669"
Glenn Heights,"7,903"
Glidden,186
Godley,"2,968"
Golden,51
Goldsboro,61
Goldsmith,218
Goldthwaite,"2,336"
Goliad,"4,244"
Gonzales,"7,129"
Goodfellow Afb,26
Goodfelow Afb,1
Goodrich,"1,348"
Gordon,897
Gordonville,"1,374"
Goree,184
Gorman,924
Gouldbusk,128
Graford,"1,791"
Graham,"8,482"
Granbury,"37,325"
Grand Prairie,"90,720"
Grand Saline,"4,470"
Grandfalls,324
Grandview,"4,383"
Granger,"1,733"
Grangerland,2
Granite Shoals,"2,467"
Grapeland,"3,591"
Grapevine,"31,300"
Greenville,"20,429"
Greenwood,4
Gregory,"1,229"
Groesbeck,"4,084"
Groom,546
Groves,"9,439"
Groveton,"1,848"
Grulla,6
Gruver,924
Guerra,11
Gun Barrel City,"4,446"
Gunter,"2,157"
Gustine,603
Guthrie,166
Guy,509
Hale Center,"1,740"
Hallettsville,"5,666"
Hallsville,"6,246"
Haltom City,"15,121"
Hamilton,"3,177"
Hamlin,"1,365"
Hamshire,"1,272"
Hankamer,847
Happy,717
Hardin,541
Hargill,358
Harker Heights,"17,961"
Harleton,"1,497"
Harlingen,"45,614"
Harper,"2,092"
Harrold,123
Hart,648
Hartley,263
Harwood,664
Haskell,"2,135"
Haslet,"13,562"
Hawkins,"3,529"
Hawley,"2,087"
Hearne,"4,698"
Heartland,"3,252"
Heath,"6,848"
Hebbronville,"3,740"
Hedley,288
Heidenheimer,18
Helotes,"18,983"
Hemphill,"4,400"
Hempstead,"8,310"
Henderson,"15,327"
Henrietta,"3,410"
Hereford,"8,704"
Hermleigh,693
Hewitt,"9,672"
Hext,82
Hickory Creek,"3,276"
Hico,"2,550"
Hidalgo,"7,363"
Hideaway,"2,794"
Higgins,355
High Island,278
Highland Haven,379
Highland Village,"11,780"
Highlands,"5,902"
Hillcrest,3
Hillister,535
Hillsboro,"6,168"
Hilltop Lakes,"1,014"
Hitchcock,"4,979"
Hobson,462
Hockley,"9,313"
Holiday Lakes,401
Holland,"1,727"
Holliday,"1,437"
Holly Lake Ranch,"2,430"
Hondo,"7,965"
Honey Grove,"1,898"
Honey Island,2
Hooks,"3,322"
Horizon City,"10,216"
Horseshoe Bay,"4,240"
Horton,1
Houston,"1,572,841"
Howardwick,292
Howe,"2,807"
Hubbard,"1,709"
Hudson Oaks,"1,760"
Huffman,"9,166"
Hughes Springs,"2,880"
Hull,"1,180"
Humble,"88,470"
Hungerford,253
Hunt,933
Huntington,"5,310"
Huntsville,"30,089"
Hurst,"25,059"
Hutchins,"1,983"
Hutto,"18,339"
Hye,114
Idalou,"2,065"
Imperial,216
Industry,390
Inez,"2,250"
Ingleside,"5,435"
Ingram,"3,400"
Iola,"1,993"
Iowa Colony,"1,646"
Iowa Park,"6,910"
Ira,287
Iraan,705
Iredell,588
Irene,56
Irving,"99,642"
Italy,"1,999"
Itasca,"1,737"
Ivanhoe,752
Izoro,5
Jacksboro,"3,191"
Jacksonville,"13,215"
Jamaica Beach,803
Jarrell,"4,246"
Jasper,"8,928"
Jayton,413
Jbsa Ft Sam Houston,3
Jefferson,"5,794"
Jermyn,131
Jersey Village,"5,323"
Jewett,"1,451"
Joaquin,"2,103"
Johnson City,"3,000"
Joinerville,58
Jones Creek,"1,525"
Jonesboro,577
Jonestown,"2,131"
Jonesville,1
Josephine,981
Joshua,"10,516"
Jourdanton,"3,544"
Junction,"2,251"
Justiceburg,122
Justin,"9,113"
Karnack,"1,800"
Karnes City,"2,674"
Katemcy,2
Katy,"182,497"
Kaufman,"11,046"
Keene,"2,409"
Keller,"31,856"
Kemah,"2,566"
Kemp,"6,757"
Kempner,"6,129"
Kendalia,376
Kendleton,325
Kenedy,"2,930"
Kennard,"1,097"
Kennedale,"5,219"
Kenney,5
Kent,15
Kerens,"2,245"
Kermit,"3,064"
Kerrick,23
Kerrville,"27,277"
Kildare,86
Kilgore,"13,613"
Killeen,"78,160"
Kingsbury,"1,585"
Kingsland,"5,176"
Kingsville,"16,498"
Kingwood,"48,393"
Kirby,78
Kirbyville,"4,452"
Kirvin,90
Klondike,497
Knickerbocker,25
Knippa,515
Knollwood,433
Knott,87
Knox City,855
Kopperl,675
Kosse,808
Kountze,"6,014"
Kress,661
Krugerville,"1,271"
Krum,"5,391"
Kurten,4
Kyle,"27,988"
La Blanca,340
La Coste,"1,099"
La Feria,"6,025"
La Grange,"6,673"
La Grulla,"1,937"
La Joya,"2,565"
La Marque,"10,566"
La Porte,"21,598"
La Pryor,849
La Salle,103
La Vernia,"8,746"
La Villa,"1,440"
La Ward,180
Lackland Afb,490
Lacy Lakeview,"3,519"
Ladonia,706
Lafkin,1
Lago Vista,"7,419"
Laguna Heights,531
Laguna Park,22
Laguna Vista,"2,549"
Laird Hill,57
Lajitas,27
Lake Bridgeport,8
Lake City,314
Lake Creek,214
Lake Dallas,"4,348"
Lake Jackson,"18,760"
Lake Kiowa,"1,805"
Lake Worth,175
Lakehills,"2,631"
Lakeside,889
Lakeview,92
Lakeway,"14,260"
Lakewood Village,455
Lamesa,"6,536"
Lampasas,"8,099"
Lancaster,"25,110"
Lane City,115
Laneville,745
Langtry,17
Lantana,"5,108"
Laredo,"124,595"
Larue,"2,092"
Las Rusias,1
Lasara,811
Latexo,138
Laughlin,1
Laughlin Afb,835
Laureles,1
Lavernia,927
Lavon,"3,044"
Lawn,367
Lazbuddie,63
Leaday,5
League City,"64,008"
Leakey,"1,404"
Leander,"40,815"
Ledbetter,697
Leesburg,845
Leesville,270
Lefors,393
Leggett,219
Lelia Lake,91
Leming,436
Lenorah,215
Leon Valley,71
Leona,398
Leonard,"2,992"
Leroy,105
Levelland,"9,443"
Lewisville,"60,111"
Lexington,"3,119"
Liberty,"8,785"
Liberty Hill,"9,935"
Lillian,148
Lincoln,656
Lindale,"11,252"
Linden,"2,833"
Lindsay,750
Linn,193
Lipan,"2,456"
Lipscomb,64
Lissie,129
Little Elm,"28,885"
Little River Academy,"1,225"
Littlefield,"4,214"
Live Oak,"7,375"
Liverpool,813
Livingston,"28,387"
Llano,"4,144"
Lockhart,"11,172"
Lockney,"1,416"
Lodi,37
Lohn,165
Lolita,535
Lometa,"1,109"
London,246
Lone Oak,"2,318"
Lone Star,"1,236"
Long Branch,457
Longview,"59,222"
Loop,153
Lopeno,108
Loraine,615
Lorena,"6,171"
Lorenzo,881
Los Angeles,24
Los Ebanos,171
Los Fresnos,"9,234"
Los Indios,269
Lott,"1,583"
Louise,"1,214"
Lovelady,"1,713"
Loving,310
Lowake,14
Lozano,134
Ltl Rvr Acad,2
Lubbock,"155,134"
Lucas,"6,439"
Lueders,300
Lufkin,"36,394"
Luling,"4,712"
Lumberton,"14,605"
Lyford,"2,129"
Lyons,3
Lytle,"4,116"
Mabank,"9,009"
Macdona,103
Madisonville,"4,293"
Magnolia,"40,398"
Magnolia Springs,23
Malakoff,"3,657"
Malone,309
Manchaca,"3,458"
Manor,"12,395"
Mansfield,"44,209"
Manvel,"12,783"
Maple,14
Marathon,372
Marble Falls,"7,442"
Marfa,"1,894"
Marietta,554
Marion,"4,186"
Markham,937
Marlin,"4,036"
Marquez,"1,392"
Marshall,"21,909"
Mart,"1,902"
Martindale,"1,696"
Maryneal,145
Mason,"2,655"
Masterson,16
Matador,537
Matagorda,449
Mathis,"5,732"
Maud,"2,366"
Mauriceville,10
Maxwell,"1,262"
May,"1,227"
Maydelle,38
Maypearl,"1,252"
Maysfield,1
Mc Caulley,143
Mc Gregor,"6,441"
Mc Leod,179
McAdoo,54
McAllen,"68,733"
McCamey,"1,403"
McColl,20
McCoy,304
McDade,917
McDonald Obs,51
McDonald Observatory,1
McFaddin,21
McGregor,25
McKinney,"110,061"
McLean,731
McQueeney,"1,528"
Meadow,549
Meadowlakes,"1,616"
Meadows Place,"3,284"
Medina,"1,278"
Megargel,200
Melissa,"6,893"
Melvin,184
Memphis,"1,378"
Menard,"1,270"
Mentone,117
Mercedes,"12,970"
Mereta,109
Meridian,"1,571"
Merit,92
Merkel,"3,166"
Mertens,161
Mertzon,"1,134"
Mesquite,"72,863"
Mexia,"5,911"
Meyersville,350
Miami,708
Mico,"1,604"
Midfield,188
Midkiff,91
Midland,"80,590"
Midlothian,"25,058"
Midway,"1,271"
Milam,661
Milano,971
Miles,"1,290"
Milford,897
Millersview,163
Millett,48
Millican,102
Millsap,"2,391"
Minden,41
Mineola,"8,419"
Mineral,178
Mineral Wells,"11,885"
Mingus,331
Mirando City,308
Mission,"55,409"
Missouri City,"72,748"
Mobeetie,268
Monahans,"5,401"
Mont Belvieu,"4,058"
Montague,554
Montalba,706
Monte Alto,"1,552"
Montgomery,"39,712"
Moody,"3,283"
Moore,678
Moran,360
Morgan,"1,248"
Morse,130
Morton,"1,280"
Moscow,611
Moulton,"1,141"
Mount Calm,732
Mount Enterprise,2
Mount Pleasant,56
Mount Vernon,6
Mountain City,510
Mountain Home,"1,000"
Mt Enterprise,"1,917"
Mt Pleasant,"14,303"
Mt Vernon,"3,809"
Mt. Home,3
Muenster,"2,091"
Muldoon,413
Muleshoe,"3,529"
Mullin,581
Mumford,19
Munday,969
Murchison,"2,250"
Murphy,"12,662"
Myra,140
N Richlnd Hls,176
Nacogdoches,"31,057"
Nada,138
Naples,"1,881"
Nash,"1,715"
Natalia,"3,256"
Navasota,"7,570"
Nazareth,528
Neches,75
Nederland,"14,615"
Needville,"6,687"
Nemo,447
Nevada,"2,950"
New Baden,3
New Boston,"5,994"
New Braunfels,"70,929"
New Caney,"12,148"
New Deal,110
New Home,224
New London,470
New Summerfield,125
New Ulm,"1,659"
New Waverly,"3,399"
Newark,"2,406"
Newcastle,553
Newton,"3,000"
Niederwald,648
Nixon,"1,765"
Nocona,"3,381"
Nolan,70
Nolanville,"3,224"
Nome,587
Nordheim,427
Normangee,"1,842"
Normanna,200
North Richland Hills,"42,854"
North Zulch,"1,380"
Northfield,12
Northlake,"2,382"
Norton,104
Notrees,9
Novice,175
Nueces,36
Nursery,134
O Brien,102
Oak Leaf,"1,104"
Oak Point,"2,549"
Oakalla,53
Oakhurst,521
Oakland,29
Oakville,49
Oakwood,"1,784"
Odell,50
Odem,"3,118"
Odessa,"75,385"
Odonnell,753
Oglesby,605
Oilton,233
Oklaunion,113
Old Glory,83
Old Ocean,49
Old River Winfree,"2,890"
Old Rvr Wnfre,4
Olden,135
Olmito,"1,044"
Olney,"2,350"
Olton,"1,408"
Omaha,"1,985"
Onalaska,"3,617"
Orange,"30,358"
Orange Grove,"3,483"
Orchard,362
Ore City,"2,397"
Orla,19
Otto,5
Ovalo,672
Overton,"3,536"
Ovilla,"3,024"
Oyster Creek,729
Ozona,"2,403"
Paducah,958
Paige,"2,103"
Paint Rock,414
Palacios,"4,059"
Palestine,"19,400"
Palmer,"3,109"
Palmhurst,"1,952"
Palmview,"7,361"
Palo Pinto,708
Paluxy,17
Pampa,"10,743"
Pandora,32
Panhandle,"2,172"
Panna Maria,16
Panola,26
Pantego,"1,890"
Papalote,41
Paradise,"4,255"
Paris,"18,493"
Parker,"3,339"
Pasadena,"60,970"
Pattison,"1,274"
Pattonville,709
Pawnee,276
Peacock,2
Pear Valley,4
Pearland,"81,491"
Pearsall,"5,155"
Pecan Gap,277
Pecos,"6,363"
Pendleton,33
Penelope,199
Penitas,"3,851"
Pennington,188
Penwell,14
Pep,10
Perrin,873
Perry,6
Perryton,"4,847"
Petersburg,882
Petrolia,481
Pettus,471
Petty,150
Pflugerville,"55,958"
Pharr,"32,089"
Pickton,872
Pierce,26
Pilot Point,"4,323"
Pinehurst,"3,353"
Pineland,"1,217"
Pipe Creek,"4,295"
Pittsburg,"7,805"
Placedo,425
Plains,"1,084"
Plainview,"13,846"
Plano,"150,020"
Plantersville,"2,199"
Pleasanton,"9,186"
Pledger,195
Plum Grove,18
Point,"1,887"
Point Comfort,381
Point Venture,7
Pointblank,"1,871"
Pollok,"2,489"
Ponder,"3,405"
Pontotoc,102
Poolville,"1,966"
Port Aransas,"3,062"
Port Arthur,"28,014"
Port Bolivar,538
Port Isabel,"2,817"
Port Lavaca,"9,803"
Port Mansfield,370
Port Neches,"8,946"
Port O Connor,885
Porter,"18,483"
Portland,"10,491"
Post,"2,372"
Poteet,"6,245"
Poth,"1,278"
Pottsboro,"5,599"
Pottsville,76
Powderly,"2,573"
Powell,369
Poynor,151
Prairie Hill,100
Prairie Lea,178
Prairie View,"4,639"
Prayer Town,28
Premont,"2,226"
Presidio,"2,567"
Price,32
Priddy,161
Primera,6
Princeton,"10,409"
Proctor,101
Progreso,"1,824"
Progreso Lakes,180
Prosper,"16,658"
Providence Village,"4,060"
Providnce Vlg,10
Purdon,947
Purmela,241
Putnam,63
Pyote,113
Quail,36
Quanah,"1,898"
Queen City,"2,472"
Quemado,535
Quinlan,"7,598"
Quintana,38
Quitaque,347
Quitman,"5,052"
Rainbow,449
Ralls,"1,270"
Rancho Viejo,"1,644"
Randolph,75
Randolph Afb,162
Ranger,"2,069"
Rankin,633
Ransom Canyon,919
Ratcliff,95
Ravenna,959
Raymondville,"6,739"
Raywood,227
Reagan,127
Realitos,318
Red Oak,"13,864"
Red Rock,"1,625"
Redford,43
Redwater,661
Refugio,"2,323"
Reklaw,385
Reno,"2,318"
Rhome,"4,826"
Rice,"1,291"
Richards,"1,018"
Richardson,"64,358"
Richland,305
Richland Hills,"4,923"
Richland Spgs,79
Richland Springs,457
Richmond,"84,620"
Richwood,"2,504"
Ridge,1
Riesel,"1,756"
Ringgold,205
Rio Bravo,"2,415"
Rio Frio,213
Rio Grande City,"18,926"
Rio Grande Cy,1
Rio Hondo,"2,937"
Rio Medina,482
Rio Vista,"1,391"
Rising Star,"1,169"
River Oaks,"3,496"
Riviera,"1,231"
Roanoke,"10,674"
Roans Prairie,2
Roaring Spngs,8
Roaring Springs,207
Robert Lee,"1,226"
Robinson,"7,833"
Robstown,"13,761"
Roby,743
Rochelle,529
Rochester,254
Rock Island,220
Rockdale,"5,190"
Rockland,4
Rockport,"13,619"
Rocksprings,"1,102"
Rockwall,"35,712"
Rockwood,46
Rogers,"1,584"
Rollingwood,59
Roma,"9,102"
Romayor,87
Roosevelt,43
Ropesville,838
Rosanky,757
Roscoe,"1,102"
Rose Hill Acres,1
Rosebud,"1,619"
Rosenberg,"23,557"
Rosharon,"13,088"
Rosser,181
Rosston,89
Rotan,"1,247"
Round Mountain,498
Round Rock,"97,763"
Round Top,904
Rowena,459
Rowlett,"36,959"
Roxton,603
Royalty,7
Royse City,"14,053"
Rule,430
Runaway Bay,"1,305"
Runge,884
Rusk,"5,521"
Rye,228
S Padre Isle,10
Sabinal,"1,508"
Sabine Pass,60
Sachse,"15,813"
Sadler,"1,101"
Sagerton,97
Saginaw,"11,196"
Saint Hedwig,"1,794"
Saint Jo,"1,116"
Salado,"6,022"
Salineno,169
Salt Flat,149
Saltillo,600
San Angelo,"62,139"
San Antonio,"855,131"
San Augustine,"4,282"
San Benito,"23,290"
San Diego,"3,994"
San Elizario,"5,876"
San Felipe,460
San Isidro,198
San Juan,"15,333"
San Leon,"3,175"
San Marcos,"50,085"
San Perlita,429
San Saba,"2,401"
San Ygnacio,525
Sanderson,609
Sandia,"2,628"
Sandy Point,136
Sanford,231
Sanger,"9,797"
Santa Anna,"1,127"
Santa Elena,152
Santa Fe,"13,378"
Santa Maria,623
Santa Monica,2
Santa Rosa,"3,051"
Santo,"1,089"
Saragosa,86
Saratoga,622
Sargent,8
Sarita,222
Satin,49
Savannah,"2,907"
Savoy,"1,256"
Schertz,"25,725"
Schulenburg,"3,457"
Schwertner,18
Scotland,384
Scottsville,1
Scroggins,"1,115"
Scurry,"3,118"
Seabrook,"14,035"
Seadrift,"1,381"
Seagoville,"7,180"
Seagraves,"1,635"
Sealy,"7,887"
Sebastian,"1,751"
Seguin,"30,260"
Selma,"5,730"
Selman City,47
Seminole,"6,877"
Seven Points,1
Seymour,"2,328"
Shady Shores,"2,100"
Shafter,17
Shallowater,"3,813"
Shamrock,"1,756"
Shavano Park,"2,540"
Sheffield,238
Shelbyville,"1,715"
Shenandoah,"1,867"
Shepherd,"4,511"
Sheppard Afb,"1,669"
Sheridan,539
Sherman,"27,888"
Shiner,"3,090"
Shiro,111
Sidney,259
Sierra Blanca,469
Silsbee,"11,083"
Silverton,661
Simms,"1,310"
Simonton,383
Sinton,"5,861"
Sisterdale,54
Skellytown,381
Skidmore,"1,183"
Slaton,"4,418"
Slidell,15
Smiley,574
Smiths Bend,45
Smithville,"6,301"
Smyer,463
Snook,221
Snyder,"8,009"
Socorro,"16,580"
Somerset,"2,638"
Somerville,"3,633"
Sonora,"2,404"
Sour Lake,"3,390"
South Bend,52
South Houston,"6,814"
South Padre Island,"2,133"
South Plains,16
Southlake,"22,069"
Southland,61
Southmayd,142
Spade,50
Spearman,"2,064"
Spicewood,"7,106"
Splendora,"6,680"
Spofford,60
Spring,"180,118"
Spring Branch,"13,247"
Springlake,158
Springtown,"12,614"
Spur,902
Spurger,"1,032"
Stafford,"13,317"
Stagecoach,389
Stairtown,1
Stamford,"2,004"
Stanton,"2,715"
Staples,38
Star,56
Stephenville,"15,572"
Sterling City,873
Stinnett,"1,614"
Stockdale,"2,916"
Stonewall,486
Stowell,678
Stratford,"1,165"
Strawn,630
Streetman,"1,446"
Sudan,818
Sugar Land,"99,668"
Sullivan City,"2,526"
Sulphur Bluff,266
Sulphur Springs,"15,859"
Summerfield,19
Sumner,"1,507"
Sundown,892
Sunnyvale,"4,914"
Sunray,"1,075"
Sunrise Beach,677
Sunset,"1,593"
Sunset Valley,405
Surfside Beach,1
Sutherland Springs,455
Sutherlnd Spg,1
Sweeny,"4,983"
Sweet Home,91
Sweetwater,"7,101"
Sylvester,123
Taft,"3,796"
Tahoka,"2,708"
Talco,899
Talpa,204
Tarpley,250
Tarzan,99
Tatum,"2,693"
Taylor,"10,831"
Taylor Landing,183
Tbd,20
Teague,"3,225"
Tehuacana,211
Telegraph,12
Telephone,733
Telferner,326
Tell,38
Temple,"47,365"
Tenaha,"1,772"
Tenn Colony,"1,110"
Tennessee Colony,2
Tennyson,50
Terlingua,644
Terrell,"18,366"
Terrell Hills,1
Texarkana,"34,559"
Texas City,"28,062"
Texhoma,190
Texline,318
The Colony,"26,174"
The Hills,"2,179"
The Woodlands,"58,455"
Thicket,355
Thomaston,12
Thompsons,92
Thorndale,"2,093"
Thornton,"1,112"
Thrall,"1,094"
Three Rivers,"2,068"
Throckmorton,778
Tiki Island,962
Tilden,542
Timpson,"2,324"
Tioga,"1,157"
Tivoli,434
Tokio,38
Tolar,"2,103"
Tom Bean,741
Tomball,"56,037"
Tool,"2,212"
Tornillo,"1,450"
Tow,677
Toyah,96
Toyahvale,8
Trent,427
Trenton,"1,649"
Trinidad,"1,599"
Trinity,"7,057"
Trophy Club,"9,337"
Troup,"5,203"
Troy,"2,861"
Truscott,32
Tuleta,330
Tulia,"2,816"
Turkey,300
Turnertown,6
Tuscola,"3,471"
Tye,646
Tyler,"88,591"
Tynan,208
Uhland,442
Umbarger,82
Universal City,"12,578"
Utopia,919
Uvalde,"13,294"
Valentine,106
Valera,106
Valle De Oro,182
Valley Mills,"2,663"
Valley Spring,154
Valley View,"3,493"
Van,"2,837"
Van Alstyne,"5,613"
Van Horn,"1,507"
Van Vleck,"1,489"
Vance,2
Vancourt,62
Vanderbilt,263
Vanderpool,148
Vega,775
Venus,"4,667"
Vera,20
Verhalen,18
Veribest,1
Vernon,"7,726"
Victoria,"49,361"
Vidor,"15,805"
Villa Nueva,5
Village Mills,"1,002"
Vinton,982
Voca,123
Volente,488
Von Ormy,"4,485"
Voss,106
Votaw,212
Waco,"71,179"
Wadsworth,204
Waelder,"1,241"
Waka,47
Wake Village,"3,753"
Wall,303
Waller,"7,310"
Wallis,"2,336"
Wallisville,663
Walnut Springs,728
Warda,11
Waring,141
Warren,"2,064"
Washington,"1,385"
Waskom,"3,597"
Watauga,"13,026"
Water Valley,189
Waxahachie,"35,076"
Wayside,48
Weatherford,"46,859"
Webberville,339
Webster,"11,399"
Weesatche,53
Weimar,"3,098"
Weinert,135
Weir,178
Welch,162
Wellborn,6
Wellington,"1,641"
Wellman,141
Wells,547
Weslaco,"30,958"
West,"4,129"
West Columbia,"4,637"
West Lake Hills,"2,910"
West Orange,"1,873"
West Point,655
West Tawakoni,"1,293"
Westbrook,251
Westhoff,241
Westlake,"1,077"
Weston,29
Weston Lakes,479
Westworth Village,"1,491"
Wharton,"8,393"
Wheeler,"1,163"
Wheelock,16
White Deer,820
White Oak,"4,037"
White Settlement,"1,539"
Whiteface,354
Whitehouse,"8,571"
Whitesboro,"6,160"
Whitewright,"3,313"
Whitharral,94
Whitney,"7,249"
Whitsett,107
Whitt,88
Wichita Falls,"64,847"
Wickett,263
Wiergate,502
Wildorado,234
Wildwood,59
Willis,"19,280"
Willow City,139
Willow Park,"3,424"
Wills Point,"9,607"
Wilmer,"1,956"
Wilson,331
Wimberley,"10,198"
Winchester,7
Windcrest,"4,376"
Windom,425
Windthorst,894
Winfield,218
Wingate,180
Wink,713
Winnie,"3,782"
Winnsboro,"6,795"
Winona,"2,244"
Winters,"2,026"
Wixon Valley,10
Wolfe City,"2,097"
Wolfforth,"4,799"
Woodcreek,954
Woodlake,62
Woodlawn,4
Woodsboro,"1,635"
Woodson,294
Woodville,"6,069"
Woodway,"7,048"
Wortham,"1,127"
Wrightsboro,41
Wylie,"33,196"
Yancey,342
Yantis,"2,648"
Yoakum,"5,241"
Yorktown,"2,587"
Ysleta Del Sur Pueblo,609
Zapata,"6,564"
Zavalla,"1,856"
Zephyr,646
Unknown,"10,149"
Total People,"15,435,375"